{"overview": {"total_flights": 4568, "total_revenue": 22875457.402037036, "total_passengers": 5454, "total_flight_hours": 1213.1, "total_landings": 4419, "avg_revenue_per_flight": 5007.76, "avg_passengers_per_flight": 1.19, "avg_flight_duration_min": 15.9}, "revenue": {"total_revenue": 22875457.402037036, "revenue_per_flight_hour": 18856.77, "revenue_per_passenger": 4194.25, "revenue_per_seat_offered": 834.63, "revenue_per_nautical_mile": 243.16, "cost_per_nautical_mile": 376.05, "total_nautical_miles": 94074.0, "avg_ticket_price": 4194.25}, "efficiency": {"average_load_factor": 19.9, "total_seats_offered": 27408, "total_passengers": 5454, "empty_seats": 21954, "seat_utilization_rate": 19.9, "full_cabin_flights": 261, "full_cabin_rate": 5.7, "potential_revenue_lost": 92080636.56111498}, "utilization": {"total_flight_hours": 1213.1, "hours_by_model": {"A109": 1.9, "B429": 10.2, "EC135": 414.2, "EC155": 769.4, "H145": 17.4}, "hours_by_month": {"1": 64.9, "2": 89.3, "3": 98.5, "4": 112.3, "5": 128.6, "6": 123.2, "7": 75.1, "8": 88.9, "9": 115.0, "10": 129.9, "11": 187.4}, "avg_daily_flights": 14.2, "avg_daily_hours": 3.77, "avg_hours_per_flight": 0.27}, "profitability": {"total_revenue": 22875457.402037036, "total_cost": 35376348.96, "cost_breakdown": {"fixed_costs": 9672413.2, "fuel_costs": 3131935.87, "monthly_allocation": 22571999.89}, "gross_profit": -12500891.55, "profit_margin_percent": -54.6, "revenue_per_cost": 0.65, "cost_per_flight": 7744.38, "profit_per_flight": -2736.62}, "by_category": {"Shuttle": {"flights": 2126, "revenue": 6302652.446111111, "passengers": 2338, "hours": 405.2, "cost": 11858302.1, "profit": -5555649.66, "avg_revenue_per_flight": 2964.56, "avg_load_factor": 18.3, "revenue_per_hour": 15553.78}, "Shuttle FC": {"flights": 562, "revenue": 3072126.6361111114, "passengers": 830, "hours": 118.4, "cost": 3537465.98, "profit": -465339.34, "avg_revenue_per_flight": 5466.42, "avg_load_factor": 24.6, "revenue_per_hour": 25954.32}, "Charter": {"flights": 806, "revenue": 15653912.225925926, "passengers": 2994, "hours": 349.9, "cost": 10422588.22, "profit": 5231324.01, "avg_revenue_per_flight": 19421.73, "avg_load_factor": 61.9, "revenue_per_hour": 44733.98}, "FC + Charter": {"flights": 806, "revenue": 15653912.225925926, "passengers": 2994, "hours": 349.9, "cost": 10422588.22, "profit": 5231324.01, "avg_revenue_per_flight": 19421.73, "avg_load_factor": 61.9, "revenue_per_hour": 44733.98}}, "by_aircraft": {"EC135": {"flights": 1779, "revenue": 6686024.481666667, "passengers": 1514, "hours": 414.2, "cost": 11365290.69, "profit": -4679266.21, "margin_percent": -70.0, "revenue_per_hour": 16142.02, "cost_per_hour": 27439.14, "avg_load_factor": 14.2}, "EC155": {"flights": 2690, "revenue": 15195523.93037037, "passengers": 3777, "hours": 769.4, "cost": 23389654.1, "profit": -8194130.17, "margin_percent": -53.9, "revenue_per_hour": 19750.26, "cost_per_hour": 30400.52, "avg_load_factor": 23.4}, "B429": {"flights": 45, "revenue": 398557.44, "passengers": 81, "hours": 10.2, "cost": 235366.67, "profit": 163190.77, "margin_percent": 40.9, "revenue_per_hour": 38946.98, "cost_per_hour": 23000.0, "avg_load_factor": 30.0}, "H145": {"flights": 46, "revenue": 544450.4, "passengers": 73, "hours": 17.3, "cost": 386037.5, "profit": 158412.9, "margin_percent": 29.1, "revenue_per_hour": 31380.43, "cost_per_hour": 22250.0, "avg_load_factor": 26.4}, "A109": {"flights": 8, "revenue": 50901.15, "passengers": 9, "hours": 1.9, "cost": 0.0, "profit": 50901.15, "margin_percent": 100.0, "revenue_per_hour": 26103.15, "cost_per_hour": 0.0, "avg_load_factor": 18.8}}, "by_route": [{"route": "SBGR → SIAV", "flights": 331, "revenue": 6750.0, "avg_revenue": 20.39, "passengers": 2, "hours": 74.8, "revenue_per_hour": 90.28}, {"route": "SDXQ → SBGR", "flights": 276, "revenue": 982847.46, "avg_revenue": 3561.04, "passengers": 548, "hours": 46.5, "revenue_per_hour": 21128.93}, {"route": "SIAV → SDXQ", "flights": 257, "revenue": 0.0, "avg_revenue": 0.0, "passengers": 4, "hours": 35.0, "revenue_per_hour": 0.0}, {"route": "SIAV → SBGR", "flights": 234, "revenue": 6750.0, "avg_revenue": 28.85, "passengers": 2, "hours": 53.6, "revenue_per_hour": 125.97}, {"route": "SBGR → SDXQ", "flights": 219, "revenue": 713467.7, "avg_revenue": 3257.84, "passengers": 307, "hours": 40.0, "revenue_per_hour": 17859.02}, {"route": "SDXQ → SIAV", "flights": 176, "revenue": 0.0, "avg_revenue": 0.0, "passengers": 5, "hours": 22.9, "revenue_per_hour": 0.0}, {"route": "SIIR → SBGR", "flights": 124, "revenue": 626615.63, "avg_revenue": 5053.35, "passengers": 299, "hours": 19.9, "revenue_per_hour": 31461.87}, {"route": "SIAV → SIIR", "flights": 120, "revenue": 0.0, "avg_revenue": 0.0, "passengers": 4, "hours": 17.9, "revenue_per_hour": 0.0}, {"route": "SBGR → SIIR", "flights": 64, "revenue": 169680.69, "avg_revenue": 2651.26, "passengers": 71, "hours": 11.1, "revenue_per_hour": 15263.63}, {"route": "SIIR → SIAV", "flights": 55, "revenue": 2184.0, "avg_revenue": 39.71, "passengers": 0, "hours": 7.3, "revenue_per_hour": 297.82}], "monthly_trends": [{"month": 1, "month_name": "Jan", "flights": 175, "revenue": 1267730.0, "cost": 2703509.79, "profit": -1435779.79, "passengers": 189, "hours": 64.9, "avg_load_factor": 18.0}, {"month": 2, "month_name": "Fev", "flights": 325, "revenue": 1593306.5, "cost": 2982698.82, "profit": -1389392.32, "passengers": 362, "hours": 89.3, "avg_load_factor": 18.6}, {"month": 3, "month_name": "Mar", "flights": 335, "revenue": 1789223.72, "cost": 3062275.56, "profit": -1273051.84, "passengers": 355, "hours": 98.5, "avg_load_factor": 17.7}, {"month": 4, "month_name": "Abr", "flights": 391, "revenue": 2056368.92, "cost": 3202372.26, "profit": -1146003.34, "passengers": 448, "hours": 112.3, "avg_load_factor": 19.1}, {"month": 5, "month_name": "Mai", "flights": 486, "revenue": 1904067.36, "cost": 3409221.19, "profit": -1505153.83, "passengers": 565, "hours": 128.6, "avg_load_factor": 19.4}, {"month": 6, "month_name": "Jun", "flights": 454, "revenue": 2130628.55, "cost": 3411936.09, "profit": -1281307.54, "passengers": 622, "hours": 123.2, "avg_load_factor": 22.8}, {"month": 7, "month_name": "Jul", "flights": 297, "revenue": 1291678.61, "cost": 2875365.82, "profit": -1583687.21, "passengers": 311, "hours": 75.1, "avg_load_factor": 17.5}, {"month": 8, "month_name": "Ago", "flights": 355, "revenue": 1544478.45, "cost": 2949522.92, "profit": -1405044.47, "passengers": 358, "hours": 88.9, "avg_load_factor": 16.8}, {"month": 9, "month_name": "Set", "flights": 480, "revenue": 2030483.66, "cost": 3270645.82, "profit": -1240162.16, "passengers": 531, "hours": 115.0, "avg_load_factor": 18.4}, {"month": 10, "month_name": "Out", "flights": 485, "revenue": 2370082.67, "cost": 3395018.56, "profit": -1024935.89, "passengers": 602, "hours": 129.9, "avg_load_factor": 20.7}, {"month": 11, "month_name": "Nov", "flights": 785, "revenue": 4897408.96, "cost": 4113782.12, "profit": 783626.84, "passengers": 1111, "hours": 187.4, "avg_load_factor": 23.6}]}
